id,titre,image,description,user_id,date,categorie_id,statut
1,Introduction à l'IA au Département Génie Info,"images/blog-1.jpg","Le département Génie Informatique forme les étudiants aux métiers de l'ingénierie logicielle, des systèmes d'information, et des réseaux. À travers des cours théoriques et pratiques, les apprenants acquièrent des compétences solides en programmation, en conception de bases de données, et en administration système. Les projets tutorés permettent d'appliquer ces connaissances dans des contextes concrets. L'évolution des technologies de l'information impose une veille permanente et une capacité d'adaptation rapide. Ainsi, les enseignants intègrent des modules sur l'intelligence artificielle, le cloud computing, et la cybersécurité. Chaque année, les étudiants participent à des concours de programmation et à des hackathons qui renforcent leur esprit d'équipe et leur créativité. Les laboratoires du département sont équipés de matériel moderne et de logiciels à jour. La recherche occupe également une place importante, avec des collaborations nationales et internationales. Les diplômés du département trouvent rapidement un emploi dans les entreprises de services numériques, les start-ups, et les administrations. Grâce à une formation polyvalente, ils peuvent évoluer vers des postes de chefs de projet, d'architectes logiciels, ou de consultants. Le département met un accent particulier sur le développement durable et l'éthique dans les usages numériques. Les valeurs de rigueur, d'innovation et de solidarité guident les actions pédagogiques et scientifiques de l'équipe enseignante. Enfin, une cellule d'accompagnement aide les étudiants à préparer leur insertion professionnelle et à construire un projet personnel cohérent avec les besoins du marché de l'emploi.",nneme1,2024-03-10,1,approuvé
2,Apprendre Python efficacement,"images/blog-2.jpg","<p>L'intelligence artificielle (IA) transforme profondément les domaines scientifiques et industriels. Au Département Génie Informatique, cette révolution technologique est intégrée dans le cursus des étudiants à travers des cours, des ateliers pratiques et des projets encadrés. L'objectif est de familiariser les apprenants avec les concepts fondamentaux de l'IA et de leur offrir une expérience concrète de mise en œuvre.</p><p>Les enseignements abordent des thèmes variés tels que l'apprentissage supervisé, l'apprentissage non supervisé, la vision par ordinateur et le traitement automatique du langage naturel. Des outils comme Python, scikit-learn, TensorFlow et OpenCV sont introduits progressivement, permettant aux étudiants de manipuler des données réelles et de concevoir des modèles simples de prédiction ou de classification.</p><p>Dans le cadre des travaux dirigés, les étudiants s'exercent à analyser des jeux de données, à entraîner des modèles, à évaluer leur performance et à interpréter les résultats. Un accent particulier est mis sur l'éthique, la transparence des algorithmes et les limites de l'intelligence artificielle dans la prise de décision automatisée.</p><p>À travers des projets de groupe, les étudiants développent des applications concrètes comme la reconnaissance d'images ou la détection de sentiments dans des textes. Ces projets favorisent le travail collaboratif, l'autonomie et la capacité à résoudre des problèmes complexes.</p><p>En intégrant l'IA dans sa formation, le Département Génie Informatique forme des ingénieurs capables de concevoir des solutions innovantes, tout en étant conscients des enjeux sociétaux liés à cette technologie.</p>",teacher1,2024-03-15,2,approuvé
3,Les bases des réseaux informatiques,"images/blog-3.jpg","<p>Les réseaux informatiques constituent le fondement des communications modernes entre ordinateurs, serveurs et autres équipements numériques. Comprendre leurs bases est essentiel pour tout étudiant en génie informatique, car ils permettent de connecter des machines pour partager des données et des ressources.</p> <p>Un réseau se compose de plusieurs éléments clés, tels que les routeurs, les commutateurs, les points d'accès, et les câbles de transmission. Ces composants facilitent la circulation de l'information entre les différents dispositifs selon des protocoles standardisés. Le protocole TCP/IP est au cœur des communications sur Internet, assurant la transmission fiable des paquets de données entre les machines.</p> <p>Les notions de topologie réseau, comme les architectures en étoile, en anneau ou maillées, définissent la manière dont les appareils sont interconnectés. Chaque configuration a ses avantages et ses limites en termes de performance, de coût et de tolérance aux pannes.</p> <p>La sécurité des réseaux est un aspect critique à ne pas négliger. Elle comprend le chiffrement des données, les pare-feux, les systèmes de détection d'intrusion et les politiques d'accès. Ces mesures protègent les informations sensibles contre les attaques et les accès non autorisés.</p> <p>Pour approfondir ces concepts, les étudiants utilisent des outils comme Wireshark pour analyser le trafic réseau et Cisco Packet Tracer pour simuler des configurations de réseaux complexes. Maîtriser ces bases ouvre la voie à des spécialisations en administration réseau, cybersécurité ou encore télécommunications.</p>",dev1,2024-03-20,3,rejeté
4,Introduction aux Systèmes Linux,"images/blog-1.jpg","<p>Linux est un système d'exploitation libre et open source qui occupe une place importante dans le monde informatique, notamment dans les serveurs, le cloud, et le développement logiciel. Connaître ses bases est essentiel pour les étudiants en génie informatique, car Linux offre un environnement puissant et flexible pour gérer les ressources matérielles et logicielles.</p> <p>Le système Linux repose sur un noyau central qui contrôle l'accès au matériel, la gestion des processus et la communication entre les composants. Autour de ce noyau, on trouve de nombreux utilitaires, shells et applications qui permettent d'interagir avec le système via une interface en ligne de commande ou des interfaces graphiques.</p> <p>La maîtrise des commandes shell est au cœur de l'apprentissage de Linux. Les étudiants apprennent à naviguer dans le système de fichiers, à gérer les permissions, à manipuler des fichiers et à automatiser des tâches à l'aide de scripts Bash. Ces compétences facilitent l'administration système et le déploiement d'applications.</p> <p>Linux est aussi connu pour sa robustesse et sa sécurité. La gestion des droits utilisateurs, les systèmes de fichiers sécurisés, et la possibilité de configurer des services réseau en font une plateforme idéale pour les environnements professionnels.</p> <p>Dans le cadre du Département Génie Informatique, les étudiants explorent également l'installation et la configuration de serveurs sous Linux, ainsi que l'utilisation d'outils comme systemd, cron et ssh. Cette connaissance pratique prépare les futurs ingénieurs à travailler efficacement dans divers contextes informatiques.</p>",teacher1,2024-03-25,4,approuvé
5,Gestion des bases de données avec PostgreSQL,"images/blog-2.jpg","<p>PostgreSQL est un système de gestion de base de données relationnelle open source réputé pour sa robustesse, sa conformité aux standards SQL, et sa richesse fonctionnelle. Il est largement utilisé dans le monde professionnel pour des applications allant des systèmes d'information aux plateformes web de grande échelle.</p><p>Au sein du Département Génie Informatique, l'apprentissage de PostgreSQL permet aux étudiants de comprendre comment concevoir, manipuler et administrer des bases de données de manière efficace. Les cours débutent par la modélisation des données, avec la création de schémas relationnels adaptés aux besoins des applications informatiques.</p><p>Les étudiants apprennent ensuite à écrire des requêtes SQL pour insérer, rechercher, mettre à jour ou supprimer des données. Des notions plus avancées comme les jointures, les vues, les transactions, les contraintes d'intégrité et les fonctions définies par l'utilisateur sont également abordées.</p><p>PostgreSQL offre des fonctionnalités puissantes telles que la gestion des types complexes, l'indexation avancée, les procédures stockées, la réplication des données et le support du JSON pour les données semi-structurées. Ces atouts permettent de concevoir des bases de données performantes et évolutives.</p><p>Les travaux pratiques incluent l'installation de PostgreSQL, l'administration via pgAdmin, la sécurisation des accès, ainsi que les sauvegardes et restaurations. Grâce à ces compétences, les étudiants acquièrent une maîtrise concrète des bases de données, les préparant à des rôles de développeur, analyste ou administrateur de base de données.</p>",dev1,2024-03-30,5,rejeté
6,L'IA dans les projets étudiants,"images/blog-3.jpg","<p>L'intelligence artificielle (IA) s'impose de plus en plus comme un levier d'innovation dans les projets étudiants au sein du Département Génie Informatique. Grâce à l'accessibilité des outils open source et à l'essor des bibliothèques Python comme <code>scikit-learn</code>, <code>TensorFlow</code> ou <code>Keras</code>, les étudiants peuvent désormais concevoir des solutions intelligentes répondant à des problématiques concrètes.</p><p>Les projets intégrant l'IA couvrent une grande variété de domaines : reconnaissance d'images, analyse de sentiments, prédiction de séries temporelles, recommandation de contenus, ou encore détection d'anomalies. Ces travaux pratiques offrent aux étudiants l'opportunité de mettre en application les connaissances acquises en statistiques, en programmation, et en traitement de données.</p><p>Encadrés par des enseignants, les étudiants commencent par définir un jeu de données pertinent, nettoyer et préparer les données, puis expérimenter différents modèles d'apprentissage automatique. L'objectif est de choisir les algorithmes les plus adaptés au problème posé et d'en évaluer la performance à l'aide d'indicateurs comme la précision, le rappel ou la courbe ROC.</p><p>Au-delà de l'aspect technique, ces projets permettent aux étudiants de développer des compétences transversales : travail en équipe, rédaction de rapports techniques, gestion de versions, et présentation orale des résultats. Certains projets particulièrement aboutis sont même présentés lors de conférences locales ou intégrés dans des solutions utilisées par des entreprises partenaires.</p><p>En intégrant l'IA dans leurs projets, les étudiants se préparent à répondre aux défis technologiques de demain et à contribuer activement à la transformation numérique de la société.</p>",teacher1,2024-04-02,1,rejeté
7,Sécurité des réseaux pour débutants,"images/blog-1.jpg","<p>La sécurité des réseaux est un domaine essentiel pour garantir la confidentialité, l'intégrité et la disponibilité des données échangées entre les ordinateurs. Pour les débutants, il est important de comprendre les menaces courantes et les mécanismes de protection de base.</p> <p>Parmi les principales menaces figurent les virus, les logiciels espions, le phishing, et les attaques par déni de service (DoS). Ces attaques peuvent compromettre les systèmes ou interrompre les communications. C'est pourquoi les réseaux doivent être protégés à plusieurs niveaux.</p><p>Les pare-feux (firewalls) sont souvent la première ligne de défense. Ils filtrent le trafic réseau en fonction de règles définies par l'administrateur. Le chiffrement, tel que celui utilisé par le protocole HTTPS, permet de sécuriser les données en transit.</p><p>L'authentification des utilisateurs, via des mots de passe forts ou des systèmes à double facteur, renforce également la sécurité. L'utilisation de réseaux privés virtuels (VPN) permet de créer des connexions sécurisées même sur des réseaux publics.</p><p>Dans un cadre pédagogique, les étudiants sont initiés à ces concepts à travers des scénarios simples et des outils comme Wireshark, qui permet d'analyser le trafic réseau. Ce premier contact avec la cybersécurité développe une conscience des risques et des bonnes pratiques à adopter dès le début de leur parcours.</p>",dev1,2024-04-05,3,
8,Concevoir une application web avec Flask,"images/blog-2.jpg","<p>Flask est un micro-framework Python léger et flexible qui permet de créer rapidement des applications web. Il est particulièrement adapté aux étudiants débutant en développement web, car il repose sur des concepts simples tout en restant puissant et extensible.</p><p>Au Département Génie Informatique, les étudiants découvrent comment structurer une application Flask à partir de zéro. Cela commence par la définition des routes, qui associent des URL à des fonctions Python. Ensuite, les vues HTML sont gérées à l'aide du moteur de templates Jinja2, ce qui permet de séparer la logique métier de l'affichage.</p><p>Les étudiants apprennent également à gérer les formulaires, la validation des données, et les sessions utilisateur. L'intégration d'une base de données (comme SQLite ou PostgreSQL) se fait via des bibliothèques telles que SQLAlchemy ou Flask-SQLAlchemy, pour stocker et interroger des données dynamiques.</p><p>Le déploiement sur un serveur local ou distant (par exemple via Heroku ou un VPS Linux) est abordé, avec des notions de sécurité, de gestion des erreurs et de configuration d'environnement.</p><p>Grâce à Flask, les étudiants sont capables de concevoir des applications modernes, comme des blogs, des portails étudiants ou des interfaces de gestion, en combinant programmation Python et développement web.</p>",teacher1,2024-04-10,2,approuvé
9,Déploiement d'un projet informatique,"images/blog-3.jpg","<p>Le déploiement d'un projet informatique consiste à mettre en production une application ou un système développé, afin qu'il soit accessible à ses utilisateurs finaux. Cela implique la configuration d'un environnement serveur, le transfert des fichiers du projet, la mise en place d'une base de données et l'assurance du bon fonctionnement global.</p><p>Des outils comme Docker, Git, et des services cloud comme Heroku ou AWS facilitent ces étapes. Au sein du Département Génie Informatique, les étudiants apprennent à automatiser ce processus et à garantir la sécurité, la scalabilité et la disponibilité des applications déployées.</p>",dev1,2024-04-12,4,
10,Structurer une base de données académique,"images/blog-1.jpg","<p>La structuration d'une base de données académique repose sur une analyse rigoureuse des besoins fonctionnels d'un établissement : gestion des étudiants, des enseignants, des cours, des notes et des diplômes. Le processus commence par la modélisation conceptuelle, suivie de la création d'un schéma relationnel normalisé pour éviter les redondances. Chaque entité — étudiant, unité d'enseignement, inscription — devient une table avec des relations clairement définies. Cette structure permet d'assurer la cohérence des données et facilite les opérations de recherche, de mise à jour et de génération d'états académiques fiables et sécurisés.</p>",teacher1,2024-04-15,5,
